<?xml version="1.0" encoding="UTF-8"?>
<!--
Copyright 2020 Google LLC

Licensed under the Apache License, Version 2.0 (the "License");
you may not use this file except in compliance with the License.
You may obtain a copy of the License at

    http://www.apache.org/licenses/LICENSE-2.0

Unless required by applicable law or agreed to in writing, software
distributed under the License is distributed on an "AS IS" BASIS,
WITHOUT WARRANTIES OR CONDITIONS OF ANY KIND, either express or implied.
See the License for the specific language governing permissions and
limitations under the License.
-->

<Configuration status="WARN">
  <Appenders>
    <Console name="STDOUT" target="SYSTEM_OUT">
      <PatternLayout pattern="%d{yyyy-MM-dd HH:mm:ss} - %logger{36} - %msg trace_id=%X{trace_id} span_id=%X{span_id} trace_flags=%X{trace_flags} %n"/>
    </Console>
  </Appenders>
  <Loggers>
    <Logger name="io.grpc.netty" level="INFO"/>
    <Logger name="io.netty" level="INFO"/>
    <Logger name="sun.net" level="INFO"/>
    <Root level="INFO">
      <AppenderRef ref="STDOUT"/>
    </Root>
  </Loggers>
</Configuration>
