{
  "__inputs": [],
  "__elements": {},
  "__requires": [
    {
      "type": "grafana",
      "id": "grafana",
      "name": "Grafana",
      "version": "10.0.3"
    },
    {
      "type": "panel",
      "id": "heatmap",
      "name": "Heatmap",
      "version": ""
    },
    {
      "type": "panel",
      "id": "nodeGraph",
      "name": "Node Graph",
      "version": ""
    },
    {
      "type": "datasource",
      "id": "prometheus",
      "name": "Prometheus",
      "version": "1.0.0"
    },
    {
      "type": "panel",
      "id": "table",
      "name": "Table",
      "version": ""
    },
    {
      "type": "panel",
      "id": "text",
      "name": "Text",
      "version": ""
    },
    {
      "type": "panel",
      "id": "timeseries",
      "name": "Time series",
      "version": ""
    }
  ],
  "annotations": {
    "list": [
      {
        "builtIn": 1,
        "datasource": {
          "type": "datasource",
          "uid": "grafana"
        },
        "enable": true,
        "hide": true,
        "iconColor": "rgba(0, 211, 255, 1)",
        "name": "Annotations & Alerts",
        "target": {
          "limit": 100,
          "matchAny": false,
          "tags": [],
          "type": "dashboard"
        },
        "type": "dashboard"
      }
    ]
  },
  "description": "Visualize OpenTelemetry (OTEL) collector metrics (tested with OTEL contrib v0.84.0)",
  "editable": true,
  "fiscalYearStartMonth": 0,
  "gnetId": 15983,
  "graphTooltip": 1,
  "id": null,
  "links": [],
  "liveNow": false,
  "panels": [
    {
      "collapsed": false,
      "datasource": {
        "type": "prometheus",
        "uid": "$datasource"
      },
      "gridPos": {
        "h": 1,
        "w": 24,
        "x": 0,
        "y": 0
      },
      "id": 23,
      "panels": [],
      "targets": [
        {
          "datasource": {
            "type": "prometheus",
            "uid": "$datasource"
          },
          "refId": "A"
        }
      ],
      "title": "Receivers",
      "type": "row"
    },
    {
      "datasource": {
        "type": "prometheus",
        "uid": "$datasource"
      },
      "description": "Accepted: count/rate of spans successfully pushed into the pipeline.\nRefused: count/rate of spans that could not be pushed into the pipeline.",
      "fieldConfig": {
        "defaults": {
          "color": {
            "mode": "palette-classic"
          },
          "custom": {
            "axisCenteredZero": false,
            "axisColorMode": "text",
            "axisLabel": "",
            "axisPlacement": "auto",
            "barAlignment": 0,
            "drawStyle": "line",
            "fillOpacity": 0,
            "gradientMode": "none",
            "hideFrom": {
              "legend": false,
              "tooltip": false,
              "viz": false
            },
            "lineInterpolation": "linear",
            "lineWidth": 1,
            "pointSize": 5,
            "scaleDistribution": {
              "type": "linear"
            },
            "showPoints": "never",
            "spanNulls": true,
            "stacking": {
              "group": "A",
              "mode": "none"
            },
            "thresholdsStyle": {
              "mode": "off"
            }
          },
          "links": [],
          "mappings": [],
          "min": 0,
          "thresholds": {
            "mode": "absolute",
            "steps": [
              {
                "color": "green",
                "value": null
              },
              {
                "color": "red",
                "value": 80
              }
            ]
          },
          "unit": "short"
        },
        "overrides": [
          {
            "matcher": {
              "id": "byRegexp",
              "options": "/Refused.*/"
            },
            "properties": [
              {
                "id": "color",
                "value": {
                  "fixedColor": "red",
                  "mode": "fixed"
                }
              }
            ]
          }
        ]
      },
      "gridPos": {
        "h": 8,
        "w": 8,
        "x": 0,
        "y": 1
      },
      "id": 28,
      "interval": "$minstep",
      "links": [],
      "options": {
        "legend": {
          "calcs": [
            "min",
            "max",
            "mean"
          ],
          "displayMode": "table",
          "placement": "bottom",
          "showLegend": true
        },
        "tooltip": {
          "mode": "multi",
          "sort": "none"
        }
      },
      "pluginVersion": "8.3.5",
      "targets": [
        {
          "datasource": {
            "type": "prometheus",
            "uid": "$datasource"
          },
          "editorMode": "code",
          "exemplar": true,
          "expr": "sum(${metric:value}(otelcol_receiver_accepted_spans{receiver=~\"$receiver\",job=\"$job\"}[$__rate_interval])) by (receiver $grouping)",
          "format": "time_series",
          "interval": "$minstep",
          "intervalFactor": 1,
          "legendFormat": "Accepted: {{receiver}} {{transport}} {{service_instance_id}}",
          "range": true,
          "refId": "A"
        },
        {
          "datasource": {
            "type": "prometheus",
            "uid": "$datasource"
          },
          "editorMode": "code",
          "exemplar": true,
          "expr": "sum(${metric:value}(otelcol_receiver_refused_spans{receiver=~\"$receiver\",job=\"$job\"}[$__rate_interval])) by (receiver $grouping)",
          "format": "time_series",
          "hide": false,
          "interval": "$minstep",
          "intervalFactor": 1,
          "legendFormat": "Refused: {{receiver}} {{transport}} {{service_instance_id}}",
          "range": true,
          "refId": "B"
        }
      ],
      "title": "Spans ${metric:text}",
      "type": "timeseries"
    },
    {
      "datasource": {
        "type": "prometheus",
        "uid": "$datasource"
      },
      "description": "Accepted: count/rate of metric points successfully pushed into the pipeline.\nRefused: count/rate of metric points that could not be pushed into the pipeline.",
      "fieldConfig": {
        "defaults": {
          "color": {
            "mode": "palette-classic"
          },
          "custom": {
            "axisCenteredZero": false,
            "axisColorMode": "text",
            "axisLabel": "",
            "axisPlacement": "auto",
            "barAlignment": 0,
            "drawStyle": "line",
            "fillOpacity": 0,
            "gradientMode": "none",
            "hideFrom": {
              "legend": false,
              "tooltip": false,
              "viz": false
            },
            "lineInterpolation": "linear",
            "lineWidth": 1,
            "pointSize": 5,
            "scaleDistribution": {
              "type": "linear"
            },
            "showPoints": "never",
            "spanNulls": true,
            "stacking": {
              "group": "A",
              "mode": "none"
            },
            "thresholdsStyle": {
              "mode": "off"
            }
          },
          "links": [],
          "mappings": [],
          "min": 0,
          "thresholds": {
            "mode": "absolute",
            "steps": [
              {
                "color": "green",
                "value": null
              },
              {
                "color": "red",
                "value": 80
              }
            ]
          },
          "unit": "short"
        },
        "overrides": [
          {
            "matcher": {
              "id": "byRegexp",
              "options": "/Refused.*/"
            },
            "properties": [
              {
                "id": "color",
                "value": {
                  "fixedColor": "red",
                  "mode": "fixed"
                }
              }
            ]
          }
        ]
      },
      "gridPos": {
        "h": 8,
        "w": 8,
        "x": 8,
        "y": 1
      },
      "id": 32,
      "interval": "$minstep",
      "links": [],
      "options": {
        "legend": {
          "calcs": [
            "min",
            "max",
            "mean"
          ],
          "displayMode": "table",
          "placement": "bottom",
          "showLegend": true
        },
        "tooltip": {
          "mode": "multi",
          "sort": "none"
        }
      },
      "pluginVersion": "8.3.5",
      "targets": [
        {
          "datasource": {
            "type": "prometheus",
            "uid": "$datasource"
          },
          "editorMode": "code",
          "exemplar": true,
          "expr": "sum(${metric:value}(otelcol_receiver_accepted_metric_points{receiver=~\"$receiver\",job=\"$job\"}[$__rate_interval])) by (receiver $grouping)",
          "format": "time_series",
          "interval": "$minstep",
          "intervalFactor": 1,
          "legendFormat": "Accepted: {{receiver}} {{transport}} {{service_instance_id}}",
          "range": true,
          "refId": "A"
        },
        {
          "datasource": {
            "type": "prometheus",
            "uid": "$datasource"
          },
          "editorMode": "code",
          "exemplar": true,
          "expr": "sum(${metric:value}(otelcol_receiver_refused_metric_points{receiver=~\"$receiver\",job=\"$job\"}[$__rate_interval])) by (receiver $grouping)",
          "format": "time_series",
          "hide": false,
          "interval": "$minstep",
          "intervalFactor": 1,
          "legendFormat": "Refused: {{receiver}} {{transport}} {{service_instance_id}}",
          "range": true,
          "refId": "B"
        }
      ],
      "title": "Metric Points ${metric:text}",
      "type": "timeseries"
    },
    {
      "datasource": {
        "type": "prometheus",
        "uid": "$datasource"
      },
      "description": "Accepted: count/rate of log records successfully pushed into the pipeline.\nRefused: count/rate of log records that could not be pushed into the pipeline.",
      "fieldConfig": {
        "defaults": {
          "color": {
            "mode": "palette-classic"
          },
          "custom": {
            "axisCenteredZero": false,
            "axisColorMode": "text",
            "axisLabel": "",
            "axisPlacement": "auto",
            "barAlignment": 0,
            "drawStyle": "line",
            "fillOpacity": 0,
            "gradientMode": "none",
            "hideFrom": {
              "legend": false,
              "tooltip": false,
              "viz": false
            },
            "lineInterpolation": "linear",
            "lineWidth": 1,
            "pointSize": 5,
            "scaleDistribution": {
              "type": "linear"
            },
            "showPoints": "never",
            "spanNulls": true,
            "stacking": {
              "group": "A",
              "mode": "none"
            },
            "thresholdsStyle": {
              "mode": "off"
            }
          },
          "links": [],
          "mappings": [],
          "min": 0,
          "thresholds": {
            "mode": "absolute",
            "steps": [
              {
                "color": "green",
                "value": null
              },
              {
                "color": "red",
                "value": 80
              }
            ]
          },
          "unit": "short"
        },
        "overrides": [
          {
            "matcher": {
              "id": "byRegexp",
              "options": "/Refused.*/"
            },
            "properties": [
              {
                "id": "color",
                "value": {
                  "fixedColor": "red",
                  "mode": "fixed"
                }
              }
            ]
          }
        ]
      },
      "gridPos": {
        "h": 8,
        "w": 8,
        "x": 16,
        "y": 1
      },
      "id": 47,
      "interval": "$minstep",
      "links": [],
      "options": {
        "legend": {
          "calcs": [
            "min",
            "max",
            "mean"
          ],
          "displayMode": "table",
          "placement": "bottom",
          "showLegend": true
        },
        "tooltip": {
          "mode": "multi",
          "sort": "none"
        }
      },
      "pluginVersion": "8.3.5",
      "targets": [
        {
          "datasource": {
            "type": "prometheus",
            "uid": "$datasource"
          },
          "editorMode": "code",
          "exemplar": true,
          "expr": "sum(${metric:value}(otelcol_receiver_accepted_log_records{receiver=~\"$receiver\",job=\"$job\"}[$__rate_interval])) by (receiver $grouping)",
          "format": "time_series",
          "interval": "$minstep",
          "intervalFactor": 1,
          "legendFormat": "Accepted: {{receiver}} {{transport}} {{service_instance_id}}",
          "range": true,
          "refId": "A"
        },
        {
          "datasource": {
            "type": "prometheus",
            "uid": "$datasource"
          },
          "editorMode": "code",
          "exemplar": true,
          "expr": "sum(${metric:value}(otelcol_receiver_refused_log_records{receiver=~\"$receiver\",job=\"$job\"}[$__rate_interval])) by (receiver $grouping)",
          "format": "time_series",
          "hide": false,
          "interval": "$minstep",
          "intervalFactor": 1,
          "legendFormat": "Refused: {{receiver}} {{transport}} {{service_instance_id}}",
          "range": true,
          "refId": "B"
        }
      ],
      "title": "Log Records ${metric:text}",
      "type": "timeseries"
    },
    {
      "collapsed": false,
      "datasource": {
        "type": "prometheus",
        "uid": "$datasource"
      },
      "gridPos": {
        "h": 1,
        "w": 24,
        "x": 0,
        "y": 9
      },
      "id": 34,
      "panels": [],
      "targets": [
        {
          "datasource": {
            "type": "prometheus",
            "uid": "$datasource"
          },
          "refId": "A"
        }
      ],
      "title": "Processors",
      "type": "row"
    },
    {
      "datasource": {
        "type": "prometheus",
        "uid": "$datasource"
      },
      "description": "",
      "fieldConfig": {
        "defaults": {
          "color": {
            "mode": "palette-classic"
          },
          "custom": {
            "axisCenteredZero": false,
            "axisColorMode": "text",
            "axisLabel": "",
            "axisPlacement": "auto",
            "barAlignment": 0,
            "drawStyle": "line",
            "fillOpacity": 0,
            "gradientMode": "none",
            "hideFrom": {
              "legend": false,
              "tooltip": false,
              "viz": false
            },
            "lineInterpolation": "linear",
            "lineWidth": 1,
            "pointSize": 5,
            "scaleDistribution": {
              "type": "linear"
            },
            "showPoints": "never",
            "spanNulls": true,
            "stacking": {
              "group": "A",
              "mode": "none"
            },
            "thresholdsStyle": {
              "mode": "off"
            }
          },
          "links": [],
          "mappings": [],
          "min": 0,
          "thresholds": {
            "mode": "absolute",
            "steps": [
              {
                "color": "green",
                "value": null
              },
              {
                "color": "red",
                "value": 80
              }
            ]
          },
          "unit": "short"
        },
        "overrides": [
          {
            "matcher": {
              "id": "byRegexp",
              "options": "/.*Refused.*/"
            },
            "properties": [
              {
                "id": "color",
                "value": {
                  "fixedColor": "red",
                  "mode": "fixed"
                }
              }
            ]
          },
          {
            "matcher": {
              "id": "byRegexp",
              "options": "/.*Dropped.*/"
            },
            "properties": [
              {
                "id": "color",
                "value": {
                  "fixedColor": "purple",
                  "mode": "fixed"
                }
              }
            ]
          }
        ]
      },
      "gridPos": {
        "h": 8,
        "w": 8,
        "x": 0,
        "y": 18
      },
      "id": 36,
      "interval": "$minstep",
      "links": [],
      "options": {
        "legend": {
          "calcs": [
            "min",
            "max",
            "mean"
          ],
          "displayMode": "table",
          "placement": "bottom",
          "showLegend": true
        },
        "tooltip": {
          "mode": "multi",
          "sort": "none"
        }
      },
      "pluginVersion": "8.3.5",
      "targets": [
        {
          "datasource": {
            "type": "prometheus",
            "uid": "$datasource"
          },
          "editorMode": "code",
          "exemplar": true,
          "expr": "sum(${metric:value}(otelcol_processor_batch_batch_send_size_count{processor=~\"$processor\",job=\"$job\"}[$__rate_interval])) by (processor)",
          "format": "time_series",
          "hide": false,
          "instant": false,
          "interval": "$minstep",
          "intervalFactor": 1,
          "legendFormat": "Batch send size count: {{processor}}",
          "refId": "B"
        },
        {
          "datasource": {
            "type": "prometheus",
            "uid": "$datasource"
          },
          "editorMode": "code",
          "exemplar": true,
          "expr": "sum(${metric:value}(otelcol_processor_batch_batch_send_size_sum{processor=~\"$processor\",job=\"$job\"}[$__rate_interval])) by (processor)",
          "format": "time_series",
          "hide": false,
          "instant": false,
          "interval": "$minstep",
          "intervalFactor": 1,
          "legendFormat": "Batch send size sum: {{processor}}",
          "refId": "A"
        }
      ],
      "title": "Batch Metrics",
      "type": "timeseries"
    },
    {
      "datasource": {
        "type": "prometheus",
        "uid": "$datasource"
      },
      "description": "Number of units in the batch",
      "fieldConfig": {
        "defaults": {
          "custom": {
            "hideFrom": {
              "legend": false,
              "tooltip": false,
              "viz": false
            },
            "scaleDistribution": {
              "type": "linear"
            }
          },
          "links": []
        },
        "overrides": []
      },
      "gridPos": {
        "h": 8,
        "w": 8,
        "x": 8,
        "y": 18
      },
      "id": 49,
      "interval": "$minstep",
      "links": [],
      "maxDataPoints": 50,
      "options": {
        "calculate": false,
        "cellGap": 1,
        "color": {
          "exponent": 0.5,
          "fill": "dark-orange",
          "mode": "scheme",
          "reverse": true,
          "scale": "exponential",
          "scheme": "Reds",
          "steps": 57
        },
        "exemplars": {
          "color": "rgba(255,0,255,0.7)"
        },
        "filterValues": {
          "le": 1e-9
        },
        "legend": {
          "show": true
        },
        "rowsFrame": {
          "layout": "auto"
        },
        "tooltip": {
          "show": true,
          "yHistogram": false
        },
        "yAxis": {
          "axisPlacement": "left",
          "reverse": false
        }
      },
      "pluginVersion": "10.0.3",
      "targets": [
        {
          "datasource": {
            "type": "prometheus",
            "uid": "$datasource"
          },
          "editorMode": "code",
          "exemplar": true,
          "expr": "sum(increase(otelcol_processor_batch_batch_send_size_bucket{processor=~\"$processor\",job=\"$job\"}[$__rate_interval])) by (le)",
          "format": "heatmap",
          "hide": false,
          "instant": false,
          "interval": "$minstep",
          "intervalFactor": 1,
          "legendFormat": "{{le}}",
          "refId": "B"
        }
      ],
      "title": "Batch Send Size Heatmap",
      "type": "heatmap"
    },
    {
      "datasource": {
        "type": "prometheus",
        "uid": "$datasource"
      },
      "description": "Number of times the batch was sent due to a size trigger. Number of times the batch was sent due to a timeout trigger.",
      "fieldConfig": {
        "defaults": {
          "color": {
            "mode": "palette-classic"
          },
          "custom": {
            "axisCenteredZero": false,
            "axisColorMode": "text",
            "axisLabel": "",
            "axisPlacement": "auto",
            "barAlignment": 0,
            "drawStyle": "line",
            "fillOpacity": 0,
            "gradientMode": "none",
            "hideFrom": {
              "legend": false,
              "tooltip": false,
              "viz": false
            },
            "lineInterpolation": "linear",
            "lineWidth": 1,
            "pointSize": 5,
            "scaleDistribution": {
              "type": "linear"
            },
            "showPoints": "never",
            "spanNulls": true,
            "stacking": {
              "group": "A",
              "mode": "none"
            },
            "thresholdsStyle": {
              "mode": "off"
            }
          },
          "links": [],
          "mappings": [],
          "min": 0,
          "thresholds": {
            "mode": "absolute",
            "steps": [
              {
                "color": "green",
                "value": null
              },
              {
                "color": "red",
                "value": 80
              }
            ]
          },
          "unit": "short"
        },
        "overrides": [
          {
            "matcher": {
              "id": "byRegexp",
              "options": "/.*Refused.*/"
            },
            "properties": [
              {
                "id": "color",
                "value": {
                  "fixedColor": "red",
                  "mode": "fixed"
                }
              }
            ]
          },
          {
            "matcher": {
              "id": "byRegexp",
              "options": "/.*Dropped.*/"
            },
            "properties": [
              {
                "id": "color",
                "value": {
                  "fixedColor": "purple",
                  "mode": "fixed"
                }
              }
            ]
          }
        ]
      },
      "gridPos": {
        "h": 8,
        "w": 8,
        "x": 16,
        "y": 18
      },
      "id": 56,
      "interval": "$minstep",
      "links": [],
      "options": {
        "legend": {
          "calcs": [
            "min",
            "max",
            "mean"
          ],
          "displayMode": "table",
          "placement": "bottom",
          "showLegend": true
        },
        "tooltip": {
          "mode": "multi",
          "sort": "none"
        }
      },
      "pluginVersion": "8.3.5",
      "targets": [
        {
          "datasource": {
            "type": "prometheus",
            "uid": "$datasource"
          },
          "editorMode": "code",
          "exemplar": true,
          "expr": "sum(${metric:value}(otelcol_processor_batch_batch_size_trigger_send{processor=~\"$processor\",job=\"$job\"}[$__rate_interval])) by (processor)",
          "format": "time_series",
          "hide": false,
          "instant": false,
          "interval": "$minstep",
          "intervalFactor": 1,
          "legendFormat": "Batch sent due to a size trigger: {{processor}}",
          "refId": "B"
        },
        {
          "datasource": {
            "type": "prometheus",
            "uid": "$datasource"
          },
          "editorMode": "code",
          "exemplar": true,
          "expr": "sum(${metric:value}(otelcol_processor_batch_timeout_trigger_send{processor=~\"$processor\"}[$__rate_interval])) by (processor)",
          "format": "time_series",
          "hide": false,
          "instant": false,
          "interval": "$minstep",
          "intervalFactor": 1,
          "legendFormat": "Batch sent due to a timeout trigger: {{processor}}",
          "refId": "A"
        }
      ],
      "title": "Batch Metrics",
      "type": "timeseries"
    },
    {
      "collapsed": false,
      "datasource": {
        "type": "prometheus",
        "uid": "$datasource"
      },
      "gridPos": {
        "h": 1,
        "w": 24,
        "x": 0,
        "y": 26
      },
      "id": 25,
      "panels": [],
      "targets": [
        {
          "datasource": {
            "type": "prometheus",
            "uid": "$datasource"
          },
          "refId": "A"
        }
      ],
      "title": "Exporters",
      "type": "row"
    },
    {
      "datasource": {
        "type": "prometheus",
        "uid": "$datasource"
      },
      "description": "Sent: count/rate of spans successfully sent to destination.\nEngueue: count/rate of spans failed to be added to the sending queue.",
      "fieldConfig": {
        "defaults": {
          "color": {
            "mode": "palette-classic"
          },
          "custom": {
            "axisCenteredZero": false,
            "axisColorMode": "text",
            "axisLabel": "",
            "axisPlacement": "auto",
            "barAlignment": 0,
            "drawStyle": "line",
            "fillOpacity": 0,
            "gradientMode": "none",
            "hideFrom": {
              "legend": false,
              "tooltip": false,
              "viz": false
            },
            "lineInterpolation": "linear",
            "lineWidth": 1,
            "pointSize": 5,
            "scaleDistribution": {
              "type": "linear"
            },
            "showPoints": "never",
            "spanNulls": true,
            "stacking": {
              "group": "A",
              "mode": "none"
            },
            "thresholdsStyle": {
              "mode": "off"
            }
          },
          "links": [],
          "mappings": [],
          "min": 0,
          "thresholds": {
            "mode": "absolute",
            "steps": [
              {
                "color": "green",
                "value": null
              },
              {
                "color": "red",
                "value": 80
              }
            ]
          },
          "unit": "short"
        },
        "overrides": [
          {
            "matcher": {
              "id": "byRegexp",
              "options": "/Failed:.*/"
            },
            "properties": [
              {
                "id": "color",
                "value": {
                  "fixedColor": "red",
                  "mode": "fixed"
                }
              }
            ]
          }
        ]
      },
      "gridPos": {
        "h": 9,
        "w": 8,
        "x": 0,
        "y": 27
      },
      "id": 37,
      "interval": "$minstep",
      "links": [],
      "options": {
        "legend": {
          "calcs": [
            "min",
            "max",
            "mean"
          ],
          "displayMode": "table",
          "placement": "bottom",
          "showLegend": true
        },
        "tooltip": {
          "mode": "multi",
          "sort": "none"
        }
      },
      "pluginVersion": "8.3.5",
      "targets": [
        {
          "datasource": {
            "type": "prometheus",
            "uid": "$datasource"
          },
          "editorMode": "code",
          "exemplar": true,
          "expr": "sum(${metric:value}(otelcol_exporter_sent_spans{exporter=~\"$exporter\",job=\"$job\"}[$__rate_interval])) by (exporter $grouping)",
          "format": "time_series",
          "interval": "$minstep",
          "intervalFactor": 1,
          "legendFormat": "Sent: {{exporter}} {{service_instance_id}}",
          "range": true,
          "refId": "A"
        },
        {
          "datasource": {
            "type": "prometheus",
            "uid": "$datasource"
          },
          "editorMode": "code",
          "exemplar": true,
          "expr": "sum(${metric:value}(otelcol_exporter_enqueue_failed_spans{exporter=~\"$exporter\",job=\"$job\"}[$__rate_interval])) by (exporter $grouping)",
          "format": "time_series",
          "hide": false,
          "interval": "$minstep",
          "intervalFactor": 1,
          "legendFormat": "Enqueue: {{exporter}} {{service_instance_id}}",
          "range": true,
          "refId": "B"
        },
        {
          "datasource": {
            "type": "prometheus",
            "uid": "$datasource"
          },
          "editorMode": "code",
          "exemplar": true,
          "expr": "sum(${metric:value}(otelcol_exporter_send_failed_spans{exporter=~\"$exporter\",job=\"$job\"}[$__rate_interval])) by (exporter $grouping)",
          "format": "time_series",
          "hide": false,
          "interval": "$minstep",
          "intervalFactor": 1,
          "legendFormat": "Failed: {{exporter}} {{service_instance_id}}",
          "range": true,
          "refId": "C"
        }
      ],
      "title": "Spans ${metric:text}",
      "type": "timeseries"
    },
    {
      "datasource": {
        "type": "prometheus",
        "uid": "$datasource"
      },
      "description": "Sent: count/rate of metric points successfully sent to destination.\nEngueue: count/rate of metric points failed to be added to the sending queue.",
      "fieldConfig": {
        "defaults": {
          "color": {
            "mode": "palette-classic"
          },
          "custom": {
            "axisCenteredZero": false,
            "axisColorMode": "text",
            "axisLabel": "",
            "axisPlacement": "auto",
            "barAlignment": 0,
            "drawStyle": "line",
            "fillOpacity": 0,
            "gradientMode": "none",
            "hideFrom": {
              "legend": false,
              "tooltip": false,
              "viz": false
            },
            "lineInterpolation": "linear",
            "lineWidth": 1,
            "pointSize": 5,
            "scaleDistribution": {
              "type": "linear"
            },
            "showPoints": "never",
            "spanNulls": true,
            "stacking": {
              "group": "A",
              "mode": "none"
            },
            "thresholdsStyle": {
              "mode": "off"
            }
          },
          "links": [],
          "mappings": [],
          "min": 0,
          "thresholds": {
            "mode": "absolute",
            "steps": [
              {
                "color": "green",
                "value": null
              },
              {
                "color": "red",
                "value": 80
              }
            ]
          },
          "unit": "short"
        },
        "overrides": [
          {
            "matcher": {
              "id": "byRegexp",
              "options": "/Failed:.*/"
            },
            "properties": [
              {
                "id": "color",
                "value": {
                  "fixedColor": "red",
                  "mode": "fixed"
                }
              }
            ]
          }
        ]
      },
      "gridPos": {
        "h": 9,
        "w": 8,
        "x": 8,
        "y": 27
      },
      "id": 38,
      "interval": "$minstep",
      "links": [],
      "options": {
        "legend": {
          "calcs": [
            "min",
            "max",
            "mean"
          ],
          "displayMode": "table",
          "placement": "bottom",
          "showLegend": true
        },
        "tooltip": {
          "mode": "multi",
          "sort": "none"
        }
      },
      "pluginVersion": "8.3.5",
      "targets": [
        {
          "datasource": {
            "type": "prometheus",
            "uid": "$datasource"
          },
          "editorMode": "code",
          "exemplar": true,
          "expr": "sum(${metric:value}(otelcol_exporter_sent_metric_points{exporter=~\"$exporter\",job=\"$job\"}[$__rate_interval])) by (exporter $grouping)",
          "format": "time_series",
          "interval": "$minstep",
          "intervalFactor": 1,
          "legendFormat": "Sent: {{exporter}} {{service_instance_id}}",
          "range": true,
          "refId": "A"
        },
        {
          "datasource": {
            "type": "prometheus",
            "uid": "$datasource"
          },
          "editorMode": "code",
          "exemplar": true,
          "expr": "sum(${metric:value}(otelcol_exporter_enqueue_failed_metric_points{exporter=~\"$exporter\",job=\"$job\"}[$__rate_interval])) by (exporter $grouping)",
          "format": "time_series",
          "hide": false,
          "interval": "$minstep",
          "intervalFactor": 1,
          "legendFormat": "Enqueue: {{exporter}} {{service_instance_id}}",
          "range": true,
          "refId": "B"
        },
        {
          "datasource": {
            "type": "prometheus",
            "uid": "$datasource"
          },
          "editorMode": "code",
          "exemplar": true,
          "expr": "sum(${metric:value}(otelcol_exporter_send_failed_metric_points{exporter=~\"$exporter\",job=\"$job\"}[$__rate_interval])) by (exporter $grouping)",
          "format": "time_series",
          "hide": false,
          "interval": "$minstep",
          "intervalFactor": 1,
          "legendFormat": "Failed: {{exporter}} {{service_instance_id}}",
          "range": true,
          "refId": "C"
        }
      ],
      "title": "Metric Points ${metric:text}",
      "type": "timeseries"
    },
    {
      "datasource": {
        "type": "prometheus",
        "uid": "$datasource"
      },
      "description": "Sent: count/rate of log records successfully sent to destination.\nEngueue: count/rate of log records failed to be added to the sending queue.",
      "fieldConfig": {
        "defaults": {
          "color": {
            "mode": "palette-classic"
          },
          "custom": {
            "axisCenteredZero": false,
            "axisColorMode": "text",
            "axisLabel": "",
            "axisPlacement": "auto",
            "barAlignment": 0,
            "drawStyle": "line",
            "fillOpacity": 0,
            "gradientMode": "none",
            "hideFrom": {
              "legend": false,
              "tooltip": false,
              "viz": false
            },
            "lineInterpolation": "linear",
            "lineWidth": 1,
            "pointSize": 5,
            "scaleDistribution": {
              "type": "linear"
            },
            "showPoints": "never",
            "spanNulls": true,
            "stacking": {
              "group": "A",
              "mode": "none"
            },
            "thresholdsStyle": {
              "mode": "off"
            }
          },
          "links": [],
          "mappings": [],
          "min": 0,
          "thresholds": {
            "mode": "absolute",
            "steps": [
              {
                "color": "green",
                "value": null
              },
              {
                "color": "red",
                "value": 80
              }
            ]
          },
          "unit": "short"
        },
        "overrides": [
          {
            "matcher": {
              "id": "byRegexp",
              "options": "/Failed:.*/"
            },
            "properties": [
              {
                "id": "color",
                "value": {
                  "fixedColor": "red",
                  "mode": "fixed"
                }
              }
            ]
          }
        ]
      },
      "gridPos": {
        "h": 9,
        "w": 8,
        "x": 16,
        "y": 27
      },
      "id": 48,
      "interval": "$minstep",
      "links": [],
      "options": {
        "legend": {
          "calcs": [
            "min",
            "max",
            "mean"
          ],
          "displayMode": "table",
          "placement": "bottom",
          "showLegend": true
        },
        "tooltip": {
          "mode": "multi",
          "sort": "none"
        }
      },
      "pluginVersion": "8.3.5",
      "targets": [
        {
          "datasource": {
            "type": "prometheus",
            "uid": "$datasource"
          },
          "editorMode": "code",
          "exemplar": true,
          "expr": "sum(${metric:value}(otelcol_exporter_sent_log_records{exporter=~\"$exporter\",job=\"$job\"}[$__rate_interval])) by (exporter $grouping)",
          "format": "time_series",
          "interval": "$minstep",
          "intervalFactor": 1,
          "legendFormat": "Sent: {{exporter}} {{service_instance_id}}",
          "range": true,
          "refId": "A"
        },
        {
          "datasource": {
            "type": "prometheus",
            "uid": "$datasource"
          },
          "editorMode": "code",
          "exemplar": true,
          "expr": "sum(${metric:value}(otelcol_exporter_enqueue_failed_log_records{exporter=~\"$exporter\",job=\"$job\"}[$__rate_interval])) by (exporter $grouping)",
          "format": "time_series",
          "hide": false,
          "interval": "$minstep",
          "intervalFactor": 1,
          "legendFormat": "Enqueue: {{exporter}} {{service_instance_id}}",
          "range": true,
          "refId": "B"
        },
        {
          "datasource": {
            "type": "prometheus",
            "uid": "$datasource"
          },
          "editorMode": "code",
          "exemplar": true,
          "expr": "sum(${metric:value}(otelcol_exporter_send_failed_log_records{exporter=~\"$exporter\",job=\"$job\"}[$__rate_interval])) by (exporter $grouping)",
          "format": "time_series",
          "hide": false,
          "interval": "$minstep",
          "intervalFactor": 1,
          "legendFormat": "Failed: {{exporter}} {{service_instance_id}}",
          "range": true,
          "refId": "C"
        }
      ],
      "title": "Log Records ${metric:text}",
      "type": "timeseries"
    },
    {
      "datasource": {
        "type": "prometheus",
        "uid": "$datasource"
      },
      "description": "Current size of the retry queue (in batches)",
      "fieldConfig": {
        "defaults": {
          "color": {
            "mode": "palette-classic"
          },
          "custom": {
            "axisCenteredZero": false,
            "axisColorMode": "text",
            "axisLabel": "",
            "axisPlacement": "auto",
            "barAlignment": 0,
            "drawStyle": "line",
            "fillOpacity": 0,
            "gradientMode": "none",
            "hideFrom": {
              "legend": false,
              "tooltip": false,
              "viz": false
            },
            "lineInterpolation": "linear",
            "lineWidth": 1,
            "pointSize": 5,
            "scaleDistribution": {
              "type": "linear"
            },
            "showPoints": "never",
            "spanNulls": true,
            "stacking": {
              "group": "A",
              "mode": "none"
            },
            "thresholdsStyle": {
              "mode": "off"
            }
          },
          "links": [],
          "mappings": [],
          "thresholds": {
            "mode": "absolute",
            "steps": [
              {
                "color": "green",
                "value": null
              },
              {
                "color": "red",
                "value": 80
              }
            ]
          },
          "unit": "short"
        },
        "overrides": []
      },
      "gridPos": {
        "h": 9,
        "w": 12,
        "x": 0,
        "y": 36
      },
      "id": 10,
      "links": [],
      "options": {
        "legend": {
          "calcs": [
            "min",
            "max",
            "mean"
          ],
          "displayMode": "table",
          "placement": "bottom",
          "showLegend": true
        },
        "tooltip": {
          "mode": "multi",
          "sort": "none"
        }
      },
      "pluginVersion": "8.3.5",
      "targets": [
        {
          "datasource": {
            "type": "prometheus",
            "uid": "$datasource"
          },
          "editorMode": "code",
          "exemplar": true,
          "expr": "max(otelcol_exporter_queue_size{exporter=~\"$exporter\",job=\"$job\"}) by (exporter)",
          "format": "time_series",
          "interval": "$minstep",
          "intervalFactor": 1,
          "legendFormat": "Max queue size: {{exporter}}",
          "range": true,
          "refId": "A"
        }
      ],
      "title": "Exporter Queue Size",
      "type": "timeseries"
    },
    {
      "datasource": {
        "type": "prometheus",
        "uid": "$datasource"
      },
      "description": "Fixed capacity of the retry queue (in batches)",
      "fieldConfig": {
        "defaults": {
          "color": {
            "mode": "palette-classic"
          },
          "custom": {
            "axisCenteredZero": false,
            "axisColorMode": "text",
            "axisLabel": "",
            "axisPlacement": "auto",
            "barAlignment": 0,
            "drawStyle": "line",
            "fillOpacity": 0,
            "gradientMode": "none",
            "hideFrom": {
              "legend": false,
              "tooltip": false,
              "viz": false
            },
            "lineInterpolation": "linear",
            "lineWidth": 1,
            "pointSize": 5,
            "scaleDistribution": {
              "type": "linear"
            },
            "showPoints": "never",
            "spanNulls": true,
            "stacking": {
              "group": "A",
              "mode": "none"
            },
            "thresholdsStyle": {
              "mode": "off"
            }
          },
          "links": [],
          "mappings": [],
          "thresholds": {
            "mode": "absolute",
            "steps": [
              {
                "color": "green",
                "value": null
              },
              {
                "color": "red",
                "value": 80
              }
            ]
          },
          "unit": "short"
        },
        "overrides": []
      },
      "gridPos": {
        "h": 9,
        "w": 12,
        "x": 12,
        "y": 36
      },
      "id": 55,
      "links": [],
      "options": {
        "legend": {
          "calcs": [
            "min",
            "max",
            "mean"
          ],
          "displayMode": "table",
          "placement": "bottom",
          "showLegend": true
        },
        "tooltip": {
          "mode": "multi",
          "sort": "none"
        }
      },
      "pluginVersion": "8.3.5",
      "targets": [
        {
          "datasource": {
            "type": "prometheus",
            "uid": "$datasource"
          },
          "editorMode": "code",
          "exemplar": true,
          "expr": "min(otelcol_exporter_queue_capacity{exporter=~\"$exporter\",job=\"$job\"}) by (exporter)",
          "format": "time_series",
          "interval": "$minstep",
          "intervalFactor": 1,
          "legendFormat": "Queue capacity: {{exporter}}",
          "range": true,
          "refId": "A"
        }
      ],
      "title": "Exporter Queue Capacity",
      "type": "timeseries"
    },
    {
      "collapsed": false,
      "datasource": {
        "type": "prometheus",
        "uid": "$datasource"
      },
      "gridPos": {
        "h": 1,
        "w": 24,
        "x": 0,
        "y": 45
      },
      "id": 21,
      "panels": [],
      "targets": [
        {
          "datasource": {
            "type": "prometheus",
            "uid": "$datasource"
          },
          "refId": "A"
        }
      ],
      "title": "Collector",
      "type": "row"
    },
    {
      "datasource": {
        "type": "prometheus",
        "uid": "$datasource"
      },
      "description": "Total physical memory (resident set size)",
      "fieldConfig": {
        "defaults": {
          "color": {
            "mode": "palette-classic"
          },
          "custom": {
            "axisCenteredZero": false,
            "axisColorMode": "text",
            "axisLabel": "",
            "axisPlacement": "auto",
            "barAlignment": 0,
            "drawStyle": "line",
            "fillOpacity": 0,
            "gradientMode": "none",
            "hideFrom": {
              "legend": false,
              "tooltip": false,
              "viz": false
            },
            "lineInterpolation": "linear",
            "lineWidth": 1,
            "pointSize": 5,
            "scaleDistribution": {
              "type": "linear"
            },
            "showPoints": "never",
            "spanNulls": true,
            "stacking": {
              "group": "A",
              "mode": "none"
            },
            "thresholdsStyle": {
              "mode": "off"
            }
          },
          "links": [],
          "mappings": [],
          "min": 0,
          "thresholds": {
            "mode": "absolute",
            "steps": [
              {
                "color": "green",
                "value": null
              },
              {
                "color": "red",
                "value": 80
              }
            ]
          },
          "unit": "bytes"
        },
        "overrides": [
          {
            "matcher": {
              "id": "byName",
              "options": "Max Memory RSS "
            },
            "properties": [
              {
                "id": "color",
                "value": {
                  "fixedColor": "red",
                  "mode": "fixed"
                }
              },
              {
                "id": "custom.fillBelowTo",
                "value": "Avg Memory RSS "
              },
              {
                "id": "custom.lineWidth",
                "value": 0
              },
              {
                "id": "custom.fillOpacity",
                "value": 20
              }
            ]
          },
          {
            "matcher": {
              "id": "byName",
              "options": "Min Memory RSS "
            },
            "properties": [
              {
                "id": "color",
                "value": {
                  "fixedColor": "yellow",
                  "mode": "fixed"
                }
              },
              {
                "id": "custom.lineWidth",
                "value": 0
              }
            ]
          },
          {
            "matcher": {
              "id": "byName",
              "options": "Avg Memory RSS "
            },
            "properties": [
              {
                "id": "color",
                "value": {
                  "fixedColor": "orange",
                  "mode": "fixed"
                }
              },
              {
                "id": "custom.fillBelowTo",
                "value": "Min Memory RSS "
              },
              {
                "id": "custom.fillOpacity",
                "value": 20
              }
            ]
          }
        ]
      },
      "gridPos": {
        "h": 9,
        "w": 8,
        "x": 0,
        "y": 46
      },
      "id": 40,
      "interval": "$minstep",
      "links": [],
      "options": {
        "legend": {
          "calcs": [
            "min",
            "max",
            "mean"
          ],
          "displayMode": "table",
          "placement": "bottom",
          "showLegend": true
        },
        "tooltip": {
          "mode": "multi",
          "sort": "none"
        }
      },
      "pluginVersion": "8.3.5",
      "targets": [
        {
          "datasource": {
            "type": "prometheus",
            "uid": "$datasource"
          },
          "editorMode": "code",
          "exemplar": true,
          "expr": "max(otelcol_process_memory_rss{job=\"$job\"}) by (job $grouping)",
          "format": "time_series",
          "hide": false,
          "interval": "$minstep",
          "intervalFactor": 1,
          "legendFormat": "Max Memory RSS {{service_instance_id}}",
          "range": true,
          "refId": "C"
        },
        {
          "datasource": {
            "type": "prometheus",
            "uid": "$datasource"
          },
          "editorMode": "code",
          "exemplar": true,
          "expr": "avg(otelcol_process_memory_rss{job=\"$job\"}) by (job $grouping)",
          "format": "time_series",
          "interval": "$minstep",
          "intervalFactor": 1,
          "legendFormat": "Avg Memory RSS {{service_instance_id}}",
          "range": true,
          "refId": "A"
        },
        {
          "datasource": {
            "type": "prometheus",
            "uid": "$datasource"
          },
          "editorMode": "code",
          "exemplar": true,
          "expr": "min(otelcol_process_memory_rss{job=\"$job\"}) by (job $grouping)",
          "format": "time_series",
          "hide": false,
          "interval": "$minstep",
          "intervalFactor": 1,
          "legendFormat": "Min Memory RSS {{service_instance_id}}",
          "range": true,
          "refId": "B"
        }
      ],
      "title": "Total RSS Memory",
      "type": "timeseries"
    },
    {
      "datasource": {
        "type": "prometheus",
        "uid": "$datasource"
      },
      "description": "Total bytes of memory obtained from the OS (see 'go doc runtime.MemStats.Sys')",
      "fieldConfig": {
        "defaults": {
          "color": {
            "mode": "palette-classic"
          },
          "custom": {
            "axisCenteredZero": false,
            "axisColorMode": "text",
            "axisLabel": "",
            "axisPlacement": "auto",
            "barAlignment": 0,
            "drawStyle": "line",
            "fillOpacity": 0,
            "gradientMode": "none",
            "hideFrom": {
              "legend": false,
              "tooltip": false,
              "viz": false
            },
            "lineInterpolation": "linear",
            "lineWidth": 1,
            "pointSize": 5,
            "scaleDistribution": {
              "type": "linear"
            },
            "showPoints": "never",
            "spanNulls": true,
            "stacking": {
              "group": "A",
              "mode": "none"
            },
            "thresholdsStyle": {
              "mode": "off"
            }
          },
          "links": [],
          "mappings": [],
          "min": 0,
          "thresholds": {
            "mode": "absolute",
            "steps": [
              {
                "color": "green",
                "value": null
              },
              {
                "color": "red",
                "value": 80
              }
            ]
          },
          "unit": "bytes"
        },
        "overrides": [
          {
            "matcher": {
              "id": "byName",
              "options": "Max Memory RSS "
            },
            "properties": [
              {
                "id": "color",
                "value": {
                  "fixedColor": "red",
                  "mode": "fixed"
                }
              },
              {
                "id": "custom.fillBelowTo",
                "value": "Avg Memory RSS "
              },
              {
                "id": "custom.lineWidth",
                "value": 0
              },
              {
                "id": "custom.fillOpacity",
                "value": 20
              }
            ]
          },
          {
            "matcher": {
              "id": "byName",
              "options": "Min Memory RSS "
            },
            "properties": [
              {
                "id": "color",
                "value": {
                  "fixedColor": "yellow",
                  "mode": "fixed"
                }
              },
              {
                "id": "custom.lineWidth",
                "value": 0
              }
            ]
          },
          {
            "matcher": {
              "id": "byName",
              "options": "Avg Memory RSS "
            },
            "properties": [
              {
                "id": "color",
                "value": {
                  "fixedColor": "orange",
                  "mode": "fixed"
                }
              },
              {
                "id": "custom.fillBelowTo",
                "value": "Min Memory RSS "
              },
              {
                "id": "custom.fillOpacity",
                "value": 20
              }
            ]
          }
        ]
      },
      "gridPos": {
        "h": 9,
        "w": 8,
        "x": 8,
        "y": 46
      },
      "id": 52,
      "interval": "$minstep",
      "links": [],
      "options": {
        "legend": {
          "calcs": [
            "min",
            "max",
            "mean"
          ],
          "displayMode": "table",
          "placement": "bottom",
          "showLegend": true
        },
        "tooltip": {
          "mode": "multi",
          "sort": "none"
        }
      },
      "pluginVersion": "8.3.5",
      "targets": [
        {
          "datasource": {
            "type": "prometheus",
            "uid": "$datasource"
          },
          "editorMode": "code",
          "exemplar": true,
          "expr": "max(otelcol_process_runtime_total_sys_memory_bytes{job=\"$job\"}) by (job $grouping)",
          "format": "time_series",
          "hide": false,
          "interval": "$minstep",
          "intervalFactor": 1,
          "legendFormat": "Max Memory RSS {{service_instance_id}}",
          "range": true,
          "refId": "C"
        },
        {
          "datasource": {
            "type": "prometheus",
            "uid": "$datasource"
          },
          "editorMode": "code",
          "exemplar": true,
          "expr": "avg(otelcol_process_runtime_total_sys_memory_bytes{job=\"$job\"}) by (job $grouping)",
          "format": "time_series",
          "interval": "$minstep",
          "intervalFactor": 1,
          "legendFormat": "Avg Memory RSS {{service_instance_id}}",
          "range": true,
          "refId": "A"
        },
        {
          "datasource": {
            "type": "prometheus",
            "uid": "$datasource"
          },
          "editorMode": "code",
          "exemplar": true,
          "expr": "min(otelcol_process_runtime_total_sys_memory_bytes{job=\"$job\"}) by (job $grouping)",
          "format": "time_series",
          "hide": false,
          "interval": "$minstep",
          "intervalFactor": 1,
          "legendFormat": "Min Memory RSS {{service_instance_id}}",
          "range": true,
          "refId": "B"
        }
      ],
      "title": "Total Runtime Sys Memory",
      "type": "timeseries"
    },
    {
      "datasource": {
        "type": "prometheus",
        "uid": "$datasource"
      },
      "description": "Bytes of allocated heap objects (see 'go doc runtime.MemStats.HeapAlloc')",
      "fieldConfig": {
        "defaults": {
          "color": {
            "mode": "palette-classic"
          },
          "custom": {
            "axisCenteredZero": false,
            "axisColorMode": "text",
            "axisLabel": "",
            "axisPlacement": "auto",
            "barAlignment": 0,
            "drawStyle": "line",
            "fillOpacity": 0,
            "gradientMode": "none",
            "hideFrom": {
              "legend": false,
              "tooltip": false,
              "viz": false
            },
            "lineInterpolation": "linear",
            "lineWidth": 1,
            "pointSize": 5,
            "scaleDistribution": {
              "type": "linear"
            },
            "showPoints": "never",
            "spanNulls": true,
            "stacking": {
              "group": "A",
              "mode": "none"
            },
            "thresholdsStyle": {
              "mode": "off"
            }
          },
          "links": [],
          "mappings": [],
          "min": 0,
          "thresholds": {
            "mode": "absolute",
            "steps": [
              {
                "color": "green",
                "value": null
              },
              {
                "color": "red",
                "value": 80
              }
            ]
          },
          "unit": "bytes"
        },
        "overrides": [
          {
            "matcher": {
              "id": "byName",
              "options": "Max Memory RSS "
            },
            "properties": [
              {
                "id": "color",
                "value": {
                  "fixedColor": "red",
                  "mode": "fixed"
                }
              },
              {
                "id": "custom.fillBelowTo",
                "value": "Avg Memory RSS "
              },
              {
                "id": "custom.lineWidth",
                "value": 0
              },
              {
                "id": "custom.fillOpacity",
                "value": 20
              }
            ]
          },
          {
            "matcher": {
              "id": "byName",
              "options": "Min Memory RSS "
            },
            "properties": [
              {
                "id": "color",
                "value": {
                  "fixedColor": "yellow",
                  "mode": "fixed"
                }
              },
              {
                "id": "custom.lineWidth",
                "value": 0
              }
            ]
          },
          {
            "matcher": {
              "id": "byName",
              "options": "Avg Memory RSS "
            },
            "properties": [
              {
                "id": "color",
                "value": {
                  "fixedColor": "orange",
                  "mode": "fixed"
                }
              },
              {
                "id": "custom.fillBelowTo",
                "value": "Min Memory RSS "
              },
              {
                "id": "custom.fillOpacity",
                "value": 20
              }
            ]
          }
        ]
      },
      "gridPos": {
        "h": 9,
        "w": 8,
        "x": 16,
        "y": 46
      },
      "id": 53,
      "interval": "$minstep",
      "links": [],
      "options": {
        "legend": {
          "calcs": [
            "min",
            "max",
            "mean"
          ],
          "displayMode": "table",
          "placement": "bottom",
          "showLegend": true
        },
        "tooltip": {
          "mode": "multi",
          "sort": "none"
        }
      },
      "pluginVersion": "8.3.5",
      "targets": [
        {
          "datasource": {
            "type": "prometheus",
            "uid": "$datasource"
          },
          "editorMode": "code",
          "exemplar": true,
          "expr": "max(otelcol_process_runtime_heap_alloc_bytes{job=\"$job\"}) by (job $grouping)",
          "format": "time_series",
          "hide": false,
          "interval": "$minstep",
          "intervalFactor": 1,
          "legendFormat": "Max Memory RSS {{service_instance_id}}",
          "range": true,
          "refId": "C"
        },
        {
          "datasource": {
            "type": "prometheus",
            "uid": "$datasource"
          },
          "editorMode": "code",
          "exemplar": true,
          "expr": "avg(otelcol_process_runtime_heap_alloc_bytes{job=\"$job\"}) by (job $grouping)",
          "format": "time_series",
          "interval": "$minstep",
          "intervalFactor": 1,
          "legendFormat": "Avg Memory RSS {{service_instance_id}}",
          "range": true,
          "refId": "A"
        },
        {
          "datasource": {
            "type": "prometheus",
            "uid": "$datasource"
          },
          "editorMode": "code",
          "exemplar": true,
          "expr": "min(otelcol_process_runtime_heap_alloc_bytes{job=\"$job\"}) by (job $grouping)",
          "format": "time_series",
          "hide": false,
          "interval": "$minstep",
          "intervalFactor": 1,
          "legendFormat": "Min Memory RSS {{service_instance_id}}",
          "range": true,
          "refId": "B"
        }
      ],
      "title": "Total Runtime Heap Memory",
      "type": "timeseries"
    },
    {
      "datasource": {
        "type": "prometheus",
        "uid": "$datasource"
      },
      "description": "Total CPU user and system time in percentage",
      "fieldConfig": {
        "defaults": {
          "color": {
            "mode": "palette-classic"
          },
          "custom": {
            "axisCenteredZero": false,
            "axisColorMode": "text",
            "axisLabel": "",
            "axisPlacement": "auto",
            "barAlignment": 0,
            "drawStyle": "line",
            "fillOpacity": 0,
            "gradientMode": "none",
            "hideFrom": {
              "legend": false,
              "tooltip": false,
              "viz": false
            },
            "lineInterpolation": "linear",
            "lineWidth": 1,
            "pointSize": 5,
            "scaleDistribution": {
              "type": "linear"
            },
            "showPoints": "never",
            "spanNulls": true,
            "stacking": {
              "group": "A",
              "mode": "none"
            },
            "thresholdsStyle": {
              "mode": "off"
            }
          },
          "links": [],
          "mappings": [],
          "min": 0,
          "thresholds": {
            "mode": "absolute",
            "steps": [
              {
                "color": "green",
                "value": null
              },
              {
                "color": "red",
                "value": 80
              }
            ]
          },
          "unit": "percent"
        },
        "overrides": [
          {
            "matcher": {
              "id": "byName",
              "options": "Max CPU usage "
            },
            "properties": [
              {
                "id": "color",
                "value": {
                  "fixedColor": "red",
                  "mode": "fixed"
                }
              },
              {
                "id": "custom.fillBelowTo",
                "value": "Avg CPU usage "
              },
              {
                "id": "custom.lineWidth",
                "value": 0
              },
              {
                "id": "custom.fillOpacity",
                "value": 20
              }
            ]
          },
          {
            "matcher": {
              "id": "byName",
              "options": "Avg CPU usage "
            },
            "properties": [
              {
                "id": "color",
                "value": {
                  "fixedColor": "orange",
                  "mode": "fixed"
                }
              },
              {
                "id": "custom.fillBelowTo",
                "value": "Min CPU usage "
              }
            ]
          },
          {
            "matcher": {
              "id": "byName",
              "options": "Min CPU usage "
            },
            "properties": [
              {
                "id": "color",
                "value": {
                  "fixedColor": "yellow",
                  "mode": "fixed"
                }
              },
              {
                "id": "custom.lineWidth",
                "value": 0
              }
            ]
          }
        ]
      },
      "gridPos": {
        "h": 9,
        "w": 8,
        "x": 0,
        "y": 55
      },
      "id": 39,
      "interval": "$minstep",
      "links": [],
      "options": {
        "legend": {
          "calcs": [
            "min",
            "max",
            "mean"
          ],
          "displayMode": "table",
          "placement": "bottom",
          "showLegend": true
        },
        "tooltip": {
          "mode": "multi",
          "sort": "none"
        }
      },
      "pluginVersion": "8.3.5",
      "targets": [
        {
          "datasource": {
            "type": "prometheus",
            "uid": "$datasource"
          },
          "editorMode": "code",
          "exemplar": true,
          "expr": "max(rate(otelcol_process_cpu_seconds{job=\"$job\"}[$__rate_interval])*100) by (job $grouping)",
          "format": "time_series",
          "hide": false,
          "interval": "$minstep",
          "intervalFactor": 1,
          "legendFormat": "Max CPU usage {{service_instance_id}}",
          "range": true,
          "refId": "B"
        },
        {
          "datasource": {
            "type": "prometheus",
            "uid": "$datasource"
          },
          "editorMode": "code",
          "exemplar": true,
          "expr": "avg(rate(otelcol_process_cpu_seconds{job=\"$job\"}[$__rate_interval])*100) by (job $grouping)",
          "format": "time_series",
          "hide": false,
          "interval": "$minstep",
          "intervalFactor": 1,
          "legendFormat": "Avg CPU usage {{service_instance_id}}",
          "range": true,
          "refId": "A"
        },
        {
          "datasource": {
            "type": "prometheus",
            "uid": "$datasource"
          },
          "editorMode": "code",
          "exemplar": true,
          "expr": "min(rate(otelcol_process_cpu_seconds{job=\"$job\"}[$__rate_interval])*100) by (job $grouping)",
          "format": "time_series",
          "hide": false,
          "interval": "$minstep",
          "intervalFactor": 1,
          "legendFormat": "Min CPU usage {{service_instance_id}}",
          "range": true,
          "refId": "C"
        }
      ],
      "title": "CPU Usage",
      "type": "timeseries"
    },
    {
      "datasource": {
        "type": "prometheus",
        "uid": "$datasource"
      },
      "description": "Number of service instances, which are reporting metrics",
      "fieldConfig": {
        "defaults": {
          "color": {
            "mode": "palette-classic"
          },
          "custom": {
            "axisCenteredZero": false,
            "axisColorMode": "text",
            "axisLabel": "",
            "axisPlacement": "auto",
            "barAlignment": 0,
            "drawStyle": "line",
            "fillOpacity": 0,
            "gradientMode": "none",
            "hideFrom": {
              "legend": false,
              "tooltip": false,
              "viz": false
            },
            "lineInterpolation": "linear",
            "lineWidth": 1,
            "pointSize": 5,
            "scaleDistribution": {
              "type": "linear"
            },
            "showPoints": "never",
            "spanNulls": true,
            "stacking": {
              "group": "A",
              "mode": "none"
            },
            "thresholdsStyle": {
              "mode": "off"
            }
          },
          "links": [],
          "mappings": [],
          "min": 0,
          "thresholds": {
            "mode": "absolute",
            "steps": [
              {
                "color": "green",
                "value": null
              },
              {
                "color": "red",
                "value": 80
              }
            ]
          },
          "unit": "short"
        },
        "overrides": []
      },
      "gridPos": {
        "h": 9,
        "w": 8,
        "x": 8,
        "y": 55
      },
      "id": 41,
      "interval": "$minstep",
      "links": [],
      "options": {
        "legend": {
          "calcs": [
            "min",
            "max",
            "mean"
          ],
          "displayMode": "table",
          "placement": "bottom",
          "showLegend": true
        },
        "tooltip": {
          "mode": "multi",
          "sort": "none"
        }
      },
      "pluginVersion": "8.3.5",
      "targets": [
        {
          "datasource": {
            "type": "prometheus",
            "uid": "$datasource"
          },
          "editorMode": "code",
          "exemplar": true,
          "expr": "count(count(otelcol_process_cpu_seconds{service_instance_id=~\".*\",job=\"$job\"}) by (service_instance_id))",
          "format": "time_series",
          "hide": false,
          "interval": "$minstep",
          "intervalFactor": 1,
          "legendFormat": "Service instance count",
          "range": true,
          "refId": "B"
        }
      ],
      "title": "Service Instance Count",
      "type": "timeseries"
    },
    {
      "datasource": {
        "type": "prometheus",
        "uid": "$datasource"
      },
      "description": "",
      "fieldConfig": {
        "defaults": {
          "color": {
            "mode": "palette-classic"
          },
          "custom": {
            "axisCenteredZero": false,
            "axisColorMode": "text",
            "axisLabel": "",
            "axisPlacement": "auto",
            "barAlignment": 0,
            "drawStyle": "line",
            "fillOpacity": 0,
            "gradientMode": "none",
            "hideFrom": {
              "legend": false,
              "tooltip": false,
              "viz": false
            },
            "lineInterpolation": "linear",
            "lineWidth": 1,
            "pointSize": 5,
            "scaleDistribution": {
              "type": "linear"
            },
            "showPoints": "never",
            "spanNulls": true,
            "stacking": {
              "group": "A",
              "mode": "none"
            },
            "thresholdsStyle": {
              "mode": "off"
            }
          },
          "links": [],
          "mappings": [],
          "min": 0,
          "thresholds": {
            "mode": "absolute",
            "steps": [
              {
                "color": "green",
                "value": null
              },
              {
                "color": "red",
                "value": 80
              }
            ]
          },
          "unit": "s"
        },
        "overrides": []
      },
      "gridPos": {
        "h": 9,
        "w": 8,
        "x": 16,
        "y": 55
      },
      "id": 54,
      "interval": "$minstep",
      "links": [],
      "options": {
        "legend": {
          "calcs": [
            "min",
            "max",
            "mean"
          ],
          "displayMode": "table",
          "placement": "bottom",
          "showLegend": true
        },
        "tooltip": {
          "mode": "multi",
          "sort": "none"
        }
      },
      "pluginVersion": "8.3.5",
      "targets": [
        {
          "datasource": {
            "type": "prometheus",
            "uid": "$datasource"
          },
          "editorMode": "code",
          "exemplar": true,
          "expr": "max(otelcol_process_uptime{service_instance_id=~\".*\",job=\"$job\"}) by (service_instance_id)",
          "format": "time_series",
          "hide": false,
          "interval": "$minstep",
          "intervalFactor": 1,
          "legendFormat": "Service instance uptime: {{service_instance_id}}",
          "range": true,
          "refId": "B"
        }
      ],
      "title": "Uptime by Service Instance",
      "type": "timeseries"
    },
    {
      "datasource": {
        "type": "prometheus",
        "uid": "$datasource"
      },
      "description": "",
      "fieldConfig": {
        "defaults": {
          "color": {
            "mode": "thresholds"
          },
          "custom": {
            "align": "auto",
            "cellOptions": {
              "type": "auto"
            },
            "inspect": false
          },
          "links": [],
          "mappings": [],
          "min": 0,
          "thresholds": {
            "mode": "absolute",
            "steps": [
              {
                "color": "green",
                "value": null
              },
              {
                "color": "red",
                "value": 80
              }
            ]
          },
          "unit": "s"
        },
        "overrides": []
      },
      "gridPos": {
        "h": 5,
        "w": 24,
        "x": 0,
        "y": 64
      },
      "id": 57,
      "interval": "$minstep",
      "links": [],
      "options": {
        "cellHeight": "sm",
        "footer": {
          "countRows": false,
          "fields": "",
          "reducer": [
            "sum"
          ],
          "show": false
        },
        "showHeader": true
      },
      "pluginVersion": "10.0.3",
      "targets": [
        {
          "datasource": {
            "type": "prometheus",
            "uid": "$datasource"
          },
          "editorMode": "code",
          "exemplar": false,
          "expr": "max(otelcol_process_uptime{service_instance_id=~\".*\",job=\"$job\"}) by (service_instance_id,service_name,service_version)",
          "format": "table",
          "hide": false,
          "instant": true,
          "interval": "$minstep",
          "intervalFactor": 1,
          "legendFormat": "__auto",
          "range": false,
          "refId": "B"
        }
      ],
      "title": "Service Instance Details",
      "transformations": [
        {
          "id": "organize",
          "options": {
            "excludeByName": {
              "Time": true,
              "Value": true
            },
            "indexByName": {},
            "renameByName": {}
          }
        }
      ],
      "type": "table"
    },
    {
      "collapsed": false,
      "gridPos": {
        "h": 1,
        "w": 24,
        "x": 0,
        "y": 69
      },
      "id": 59,
      "panels": [],
      "title": "Data Flows",
      "type": "row"
    },
    {
      "datasource": {
        "type": "prometheus",
        "uid": "$datasource"
      },
      "description": "Receivers -> Processor(s) -> Exporters (Node Graph panel is beta, so this panel may not show data correctly).",
      "gridPos": {
        "h": 9,
        "w": 8,
        "x": 0,
        "y": 70
      },
      "id": 58,
      "options": {
        "nodes": {
          "mainStatUnit": "flops"
        }
      },
      "targets": [
        {
          "datasource": {
            "type": "prometheus",
            "uid": "$datasource"
          },
          "editorMode": "code",
          "exemplar": false,
          "expr": "# receivers\nlabel_replace(\n  label_join(\n    label_join(\n      sum(${metric:value}(\n        otelcol_receiver_accepted_spans{receiver=~\"$receiver\",job=\"$job\"}[$__rate_interval])\n      ) by (receiver)\n      , \"id\", \"-rcv-\", \"transport\", \"receiver\"\n    )\n    , \"title\", \"\", \"transport\", \"receiver\"\n  )\n  , \"icon\", \"arrow-to-right\", \"\", \"\"\n)\n\n# dummy processor\nor\nlabel_replace(\n  label_replace(\n    label_replace(\n      (sum(rate(otelcol_process_uptime{job=\"$job\"}[$__interval])))\n      , \"id\", \"processor\", \"\", \"\"\n    )\n    , \"title\", \"Processor(s)\", \"\", \"\"\n  )\n  , \"icon\", \"arrow-random\", \"\", \"\"\n)\n\n# exporters\nor\nlabel_replace(\n  label_join(\n    label_join(\n      sum(${metric:value}(\n        otelcol_exporter_sent_spans{exporter=~\"$exporter\",job=\"$job\"}[$__rate_interval])\n      ) by (exporter)\n      , \"id\", \"-exp-\", \"transport\", \"exporter\"\n    )\n    , \"title\", \"\", \"transport\", \"exporter\"\n  )\n  , \"icon\", \"arrow-from-right\", \"\", \"\"\n)",
          "format": "table",
          "hide": false,
          "instant": true,
          "legendFormat": "__auto",
          "range": false,
          "refId": "nodes"
        },
        {
          "datasource": {
            "type": "prometheus",
            "uid": "$datasource"
          },
          "editorMode": "code",
          "exemplar": false,
          "expr": "# receivers -> processor\r\nlabel_join(\r\n    label_replace(\r\n        label_join(\r\n            (sum(rate(otelcol_receiver_accepted_spans{job=\"$job\"}[$__interval])) by (receiver))\r\n            ,\"source\", \"-rcv-\", \"transport\", \"receiver\"\r\n        )\r\n        ,\"target\", \"processor\", \"\", \"\"\r\n    )\r\n    , \"id\", \"-\", \"source\", \"target\"\r\n)\r\n\r\n# processor -> exporters\r\nor\r\nlabel_join(\r\n    label_replace(\r\n        label_join(\r\n            (sum(rate(otelcol_exporter_sent_spans{job=\"$job\"}[$__interval])) by (exporter))\r\n            , \"target\", \"-exp-\", \"transport\", \"exporter\"\r\n        )\r\n        , \"source\", \"processor\", \"\", \"\"\r\n    )\r\n    , \"id\", \"-\", \"source\", \"target\"\r\n)",
          "format": "table",
          "hide": false,
          "instant": true,
          "legendFormat": "__auto",
          "range": false,
          "refId": "edges"
        }
      ],
      "title": "Spans Flow",
      "transformations": [
        {
          "id": "renameByRegex",
          "options": {
            "regex": "Value",
            "renamePattern": "mainstat"
          }
        },
        {
          "disabled": true,
          "id": "calculateField",
          "options": {
            "alias": "secondarystat",
            "mode": "reduceRow",
            "reduce": {
              "include": [
                "mainstat"
              ],
              "reducer": "sum"
            }
          }
        }
      ],
      "type": "nodeGraph"
    },
    {
      "datasource": {
        "type": "prometheus",
        "uid": "$datasource"
      },
      "description": "Receivers -> Processor(s) -> Exporters (Node Graph panel is beta, so this panel may not show data correctly).",
      "gridPos": {
        "h": 9,
        "w": 8,
        "x": 8,
        "y": 70
      },
      "id": 60,
      "options": {
        "nodes": {
          "mainStatUnit": "none"
        }
      },
      "targets": [
        {
          "datasource": {
            "type": "prometheus",
            "uid": "$datasource"
          },
          "editorMode": "code",
          "exemplar": false,
          "expr": "# receivers\nlabel_replace(\n  label_join(\n    label_join(\n      (sum(\n        ${metric:value}(otelcol_receiver_accepted_metric_points{receiver=~\"$receiver\",job=\"$job\"}[$__rate_interval])\n      ) by (receiver))\n      , \"id\", \"-rcv-\", \"transport\", \"receiver\"\n    )\n    , \"title\", \"\", \"transport\", \"receiver\"\n  )\n  , \"icon\", \"arrow-to-right\", \"\", \"\"\n)\n\n# dummy processor\nor\nlabel_replace(\n  label_replace(\n    label_replace(\n      (sum(rate(otelcol_process_uptime{job=\"$job\"}[$__interval])))\n      , \"id\", \"processor\", \"\", \"\"\n    )\n    , \"title\", \"Processor(s)\", \"\", \"\"\n  )\n  , \"icon\", \"arrow-random\", \"\", \"\"\n)\n\n# exporters\nor\nlabel_replace(\n  label_join(\n    label_join(\n      (sum(\n        ${metric:value}(otelcol_exporter_sent_metric_points{exporter=~\"$exporter\",job=\"$job\"}[$__rate_interval])\n      ) by (exporter))\n      , \"id\", \"-exp-\", \"transport\", \"exporter\"\n    )\n    , \"title\", \"\", \"transport\", \"exporter\"\n  )\n  , \"icon\", \"arrow-from-right\", \"\", \"\"\n)",
          "format": "table",
          "hide": false,
          "instant": true,
          "legendFormat": "__auto",
          "range": false,
          "refId": "nodes"
        },
        {
          "datasource": {
            "type": "prometheus",
            "uid": "$datasource"
          },
          "editorMode": "code",
          "exemplar": false,
          "expr": "# receivers -> processor\r\nlabel_join(\r\n    label_replace(\r\n        label_join(\r\n            (sum(rate(otelcol_receiver_accepted_metric_points{job=\"$job\"}[$__interval])) by (receiver))\r\n            , \"source\", \"-rcv-\", \"transport\", \"receiver\"\r\n        )\r\n        , \"target\", \"processor\", \"\", \"\"\r\n    )\r\n    , \"id\", \"-\", \"source\", \"target\"\r\n)\r\n\r\n# processor -> exporters\r\nor \r\nlabel_join(\r\n    label_replace(\r\n        label_join(\r\n            (sum(rate(otelcol_exporter_sent_metric_points{job=\"$job\"}[$__interval])) by (exporter))\r\n            , \"target\", \"-exp-\", \"transport\", \"exporter\"\r\n        )\r\n        , \"source\", \"processor\", \"\", \"\"\r\n    )\r\n    , \"id\", \"-\", \"source\", \"target\"\r\n)",
          "format": "table",
          "hide": false,
          "instant": true,
          "legendFormat": "__auto",
          "range": false,
          "refId": "edges"
        }
      ],
      "title": "Metric Points Flow",
      "transformations": [
        {
          "id": "renameByRegex",
          "options": {
            "regex": "Value",
            "renamePattern": "mainstat"
          }
        },
        {
          "disabled": true,
          "id": "calculateField",
          "options": {
            "alias": "secondarystat",
            "mode": "reduceRow",
            "reduce": {
              "include": [
                "Value #nodes"
              ],
              "reducer": "sum"
            }
          }
        }
      ],
      "type": "nodeGraph"
    },
    {
      "datasource": {
        "type": "prometheus",
        "uid": "$datasource"
      },
      "description": "Receivers -> Processor(s) -> Exporters (Node Graph panel is beta, so this panel may not show data correctly).",
      "gridPos": {
        "h": 9,
        "w": 8,
        "x": 16,
        "y": 70
      },
      "id": 61,
      "options": {
        "nodes": {
          "mainStatUnit": "flops"
        }
      },
      "targets": [
        {
          "datasource": {
            "type": "prometheus",
            "uid": "$datasource"
          },
          "editorMode": "code",
          "exemplar": false,
          "expr": "# receivers\nlabel_replace(\n  label_join(\n    label_join(\n      sum(${metric:value}(\n        otelcol_receiver_accepted_log_records{receiver=~\"$receiver\",job=\"$job\"}[$__rate_interval])\n      ) by (receiver)\n      , \"id\", \"-rcv-\", \"transport\", \"receiver\"\n    )\n    , \"title\", \"\", \"transport\", \"receiver\"\n  )\n  , \"icon\", \"arrow-to-right\", \"\", \"\"\n)\n\n# dummy processor\nor\nlabel_replace(\n  label_replace(\n    label_replace(\n      (sum(rate(otelcol_process_uptime{job=\"$job\"}[$__interval])))\n      , \"id\", \"processor\", \"\", \"\"\n    )\n    , \"title\", \"Processor(s)\", \"\", \"\"\n  )\n  , \"icon\", \"arrow-random\", \"\", \"\"\n)\n\n# exporters\nor\nlabel_replace(\n  label_join(\n    label_join(\n      sum(${metric:value}(\n        otelcol_exporter_sent_log_records{exporter=~\"$exporter\",job=\"$job\"}[$__rate_interval])\n      ) by (exporter)\n      , \"id\", \"-exp-\", \"transport\", \"exporter\"\n    )\n    , \"title\", \"\", \"transport\", \"exporter\"\n  )\n  , \"icon\", \"arrow-from-right\", \"\", \"\"\n)",
          "format": "table",
          "hide": false,
          "instant": true,
          "legendFormat": "__auto",
          "range": false,
          "refId": "nodes"
        },
        {
          "datasource": {
            "type": "prometheus",
            "uid": "$datasource"
          },
          "editorMode": "code",
          "exemplar": false,
          "expr": "# receivers -> processor\r\nlabel_join(\r\n    label_replace(\r\n        label_join(\r\n            (sum(rate(otelcol_receiver_accepted_log_records{job=\"$job\"}[$__interval])) by (receiver))\r\n            , \"source\", \"-rcv-\", \"transport\", \"receiver\"\r\n        )\r\n        , \"target\", \"processor\", \"\", \"\"\r\n    )\r\n    , \"id\", \"-edg-\", \"source\", \"target\"\r\n)\r\n\r\n# processor -> exporters\r\nor \r\nlabel_join(\r\n    label_replace(\r\n        label_join(\r\n            (sum(rate(otelcol_exporter_sent_log_records{job=\"$job\"}[$__interval])) by (exporter))\r\n            ,\"target\",\"-exp-\",\"transport\",\"exporter\"\r\n        )\r\n        ,\"source\",\"processor\",\"\",\"\"\r\n    )\r\n    ,\"id\",\"-edg-\",\"source\",\"target\"\r\n)",
          "format": "table",
          "hide": false,
          "instant": true,
          "legendFormat": "__auto",
          "range": false,
          "refId": "edges"
        }
      ],
      "title": "Log Records Flow",
      "transformations": [
        {
          "id": "renameByRegex",
          "options": {
            "regex": "Value",
            "renamePattern": "mainstat"
          }
        },
        {
          "disabled": true,
          "id": "calculateField",
          "options": {
            "alias": "secondarystat",
            "mode": "reduceRow",
            "reduce": {
              "include": [
                "mainstat"
              ],
              "reducer": "sum"
            }
          }
        }
      ],
      "type": "nodeGraph"
    },
    {
      "datasource": {
        "type": "prometheus",
        "uid": "$datasource"
      },
      "editable": true,
      "error": false,
      "gridPos": {
        "h": 3,
        "w": 24,
        "x": 0,
        "y": 79
      },
      "id": 45,
      "links": [],
      "options": {
        "code": {
          "language": "plaintext",
          "showLineNumbers": false,
          "showMiniMap": false
        },
        "content": "<a href=\"http://www.monitoringartist.com\" target=\"_blank\" title=\"Dashboard maintained by Monitoring Artist - DevOps / Docker / Kubernetes / AWS ECS / Google GCP / Zabbix / Zenoss / Terraform / Monitoring\"><img src=\"https://monitoringartist.github.io/monitoring-artist-logo-grafana.png\" height=\"30px\" /></a> | \n<a target=\"_blank\" href=\"https://github.com/open-telemetry/opentelemetry-collector/blob/main/docs/troubleshooting.md#metrics\">OTEL collector troubleshooting (how to enable telemetry metrics)</a> | \n<a target=\"_blank\" href=\"https://opentelemetry.io/docs/collector/scaling/\">Scaling the Collector (metrics to watch)</a> | \n<a target=\"_blank\" href=\"https://grafana.com/grafana/dashboards/15983-opentelemetry-collector/\">Installed from Grafana.com dashboards</a>",
        "mode": "html"
      },
      "pluginVersion": "10.0.3",
      "targets": [
        {
          "datasource": {
            "type": "prometheus",
            "uid": "$datasource"
          },
          "refId": "A"
        }
      ],
      "title": "Documentation",
      "type": "text"
    }
  ],
  "refresh": "10s",
  "schemaVersion": 38,
  "style": "dark",
  "tags": [
    "opentelemetry",
    "monitoring"
  ],
  "templating": {
    "list": [
      {
        "current": {},
        "hide": 0,
        "includeAll": false,
        "label": "Datasource",
        "multi": false,
        "name": "datasource",
        "options": [],
        "query": "prometheus",
        "queryValue": "",
        "refresh": 1,
        "regex": "",
        "skipUrlSync": false,
        "type": "datasource"
      },
      {
        "current": {},
        "datasource": {
          "type": "prometheus",
          "uid": "$datasource"
        },
        "definition": "label_values(otelcol_process_uptime, job)",
        "hide": 0,
        "includeAll": false,
        "label": "Job",
        "multi": false,
        "name": "job",
        "options": [],
        "query": {
          "query": "label_values(otelcol_process_uptime, job)",
          "refId": "StandardVariableQuery"
        },
        "refresh": 1,
        "regex": "",
        "skipUrlSync": false,
        "sort": 1,
        "type": "query"
      },
      {
        "auto": true,
        "auto_count": 300,
        "auto_min": "10s",
        "current": {
          "selected": false,
          "text": "auto",
          "value": "$__auto_interval_minstep"
        },
        "hide": 0,
        "label": "Min step",
        "name": "minstep",
        "options": [
          {
            "selected": true,
            "text": "auto",
            "value": "$__auto_interval_minstep"
          },
          {
            "selected": false,
            "text": "10s",
            "value": "10s"
          },
          {
            "selected": false,
            "text": "30s",
            "value": "30s"
          },
          {
            "selected": false,
            "text": "1m",
            "value": "1m"
          },
          {
            "selected": false,
            "text": "5m",
            "value": "5m"
          }
        ],
        "query": "10s,30s,1m,5m",
        "queryValue": "",
        "refresh": 2,
        "skipUrlSync": false,
        "type": "interval"
      },
      {
        "current": {
          "selected": true,
          "text": "Rate",
          "value": "rate"
        },
        "hide": 0,
        "includeAll": false,
        "label": "Base metric",
        "multi": false,
        "name": "metric",
        "options": [
          {
            "selected": true,
            "text": "Rate",
            "value": "rate"
          },
          {
            "selected": false,
            "text": "Count",
            "value": "increase"
          }
        ],
        "query": "Rate : rate, Count : increase",
        "queryValue": "",
        "skipUrlSync": false,
        "type": "custom"
      },
      {
        "allValue": ".*",
        "current": {},
        "datasource": {
          "type": "prometheus",
          "uid": "$datasource"
        },
        "definition": "label_values(receiver)",
        "hide": 0,
        "includeAll": true,
        "label": "Receiver",
        "multi": false,
        "name": "receiver",
        "options": [],
        "query": {
          "query": "label_values(receiver)",
          "refId": "StandardVariableQuery"
        },
        "refresh": 2,
        "regex": "",
        "skipUrlSync": false,
        "sort": 1,
        "tagValuesQuery": "",
        "tagsQuery": "",
        "type": "query",
        "useTags": false
      },
      {
        "current": {},
        "datasource": {
          "type": "prometheus",
          "uid": "$datasource"
        },
        "definition": "label_values(processor)",
        "hide": 0,
        "includeAll": true,
        "label": "Processor",
        "multi": false,
        "name": "processor",
        "options": [],
        "query": {
          "query": "label_values(processor)",
          "refId": "StandardVariableQuery"
        },
        "refresh": 2,
        "regex": "",
        "skipUrlSync": false,
        "sort": 1,
        "tagValuesQuery": "",
        "tagsQuery": "",
        "type": "query",
        "useTags": false
      },
      {
        "allValue": ".*",
        "current": {},
        "datasource": {
          "type": "prometheus",
          "uid": "$datasource"
        },
        "definition": "label_values(exporter)",
        "hide": 0,
        "includeAll": true,
        "label": "Exporter",
        "multi": false,
        "name": "exporter",
        "options": [],
        "query": {
          "query": "label_values(exporter)",
          "refId": "StandardVariableQuery"
        },
        "refresh": 2,
        "regex": "",
        "skipUrlSync": false,
        "sort": 1,
        "tagValuesQuery": "",
        "tagsQuery": "",
        "type": "query",
        "useTags": false
      },
      {
        "current": {
          "selected": true,
          "text": "None (basic metrics)",
          "value": ""
        },
        "description": "Detailed metrics must be configured in the collector configuration. They add grouping by transport protocol (http/grpc) for receivers. ",
        "hide": 0,
        "includeAll": false,
        "label": "Additional groupping",
        "multi": false,
        "name": "grouping",
        "options": [
          {
            "selected": true,
            "text": "None (basic metrics)",
            "value": ""
          },
          {
            "selected": false,
            "text": "By transport (detailed metrics)",
            "value": ",transport"
          },
          {
            "selected": false,
            "text": "By service instance id",
            "value": ",service_instance_id"
          }
        ],
        "query": "None (basic metrics) :  , By transport (detailed metrics) : \\,transport, By service instance id : \\,service_instance_id",
        "queryValue": "",
        "skipUrlSync": false,
        "type": "custom"
      }
    ]
  },
  "time": {
    "from": "now-6h",
    "to": "now"
  },
  "timepicker": {
    "refresh_intervals": [
      "5s",
      "10s",
      "30s",
      "1m",
      "5m",
      "15m",
      "30m",
      "1h",
      "2h",
      "1d"
    ],
    "time_options": [
      "5m",
      "15m",
      "1h",
      "6h",
      "12h",
      "24h",
      "2d",
      "7d",
      "30d"
    ]
  },
  "timezone": "utc",
  "title": "OpenTelemetry Collector",
  "uid": "BKf2sowmj",
  "version": 72,
  "weekStart": ""
}
